country_name,country_code,indicator_name,indicator_code,year,value,serialid,serial_d45b5546_e8ce_4ac0_b7e3_a8ab57c5121f
United States,USA,"Female share of graduates in agriculture (%, tertiary)",SE.TER.GRAD.FE.AG.ZS,1961,,5295513,5295512
United States,USA,"Female share of graduates in agriculture (%, tertiary)",SE.TER.GRAD.FE.AG.ZS,1964,,5295516,5295515
United States,USA,"Female share of graduates in agriculture (%, tertiary)",SE.TER.GRAD.FE.AG.ZS,1965,,5295517,5295516
United States,USA,"Female share of graduates in agriculture (%, tertiary)",SE.TER.GRAD.FE.AG.ZS,1967,,5295519,5295518
United States,USA,"Female share of graduates in agriculture (%, tertiary)",SE.TER.GRAD.FE.AG.ZS,1981,,5295533,5295532
United States,USA,"Female share of graduates in agriculture (%, tertiary)",SE.TER.GRAD.FE.AG.ZS,1988,,5295540,5295539
United States,USA,"Female share of graduates in agriculture (%, tertiary)",SE.TER.GRAD.FE.AG.ZS,1990,,5295542,5295541
United States,USA,"Female share of graduates in agriculture (%, tertiary)",SE.TER.GRAD.FE.AG.ZS,1992,,5295544,5295543
United States,USA,"Female share of graduates in agriculture (%, tertiary)",SE.TER.GRAD.FE.AG.ZS,2006,47.7737,5295558,5295557
United States,USA,"Female share of graduates in agriculture (%, tertiary)",SE.TER.GRAD.FE.AG.ZS,2010,47.97385,5295562,5295561
United States,USA,"Female share of graduates in agriculture (%, tertiary)",SE.TER.GRAD.FE.AG.ZS,2011,,5295563,5295562
United States,USA,"Female share of graduates in agriculture (%, tertiary)",SE.TER.GRAD.FE.AG.ZS,2013,,5295565,5295564
United States,USA,"Female share of graduates in education (%, tertiary)",SE.TER.GRAD.FE.ED.ZS,1965,,5295571,5295570
United States,USA,"Female share of graduates in education (%, tertiary)",SE.TER.GRAD.FE.ED.ZS,1986,,5295592,5295591
United States,USA,"Female share of graduates in engineering, manufacturing and construction (%, tertiary)",SE.TER.GRAD.FE.EN.ZS,1961,,5295621,5295620
United States,USA,"Female share of graduates in engineering, manufacturing and construction (%, tertiary)",SE.TER.GRAD.FE.EN.ZS,1962,,5295622,5295621
United States,USA,"Female share of graduates in engineering, manufacturing and construction (%, tertiary)",SE.TER.GRAD.FE.EN.ZS,1963,,5295623,5295622
United States,USA,"Female share of graduates in engineering, manufacturing and construction (%, tertiary)",SE.TER.GRAD.FE.EN.ZS,1964,,5295624,5295623
United States,USA,"Female share of graduates in engineering, manufacturing and construction (%, tertiary)",SE.TER.GRAD.FE.EN.ZS,1967,,5295627,5295626
United States,USA,"Female share of graduates in engineering, manufacturing and construction (%, tertiary)",SE.TER.GRAD.FE.EN.ZS,1970,,5295630,5295629
United States,USA,"Female share of graduates in engineering, manufacturing and construction (%, tertiary)",SE.TER.GRAD.FE.EN.ZS,1973,,5295633,5295632
United States,USA,"Female share of graduates in engineering, manufacturing and construction (%, tertiary)",SE.TER.GRAD.FE.EN.ZS,1979,,5295639,5295638
United States,USA,"Female share of graduates in engineering, manufacturing and construction (%, tertiary)",SE.TER.GRAD.FE.EN.ZS,1980,,5295640,5295639
United States,USA,"Female share of graduates in engineering, manufacturing and construction (%, tertiary)",SE.TER.GRAD.FE.EN.ZS,1986,,5295646,5295645
United States,USA,"Female share of graduates in engineering, manufacturing and construction (%, tertiary)",SE.TER.GRAD.FE.EN.ZS,1990,,5295650,5295649
United States,USA,"Female share of graduates in engineering, manufacturing and construction (%, tertiary)",SE.TER.GRAD.FE.EN.ZS,1992,,5295652,5295651
United States,USA,"Female share of graduates in engineering, manufacturing and construction (%, tertiary)",SE.TER.GRAD.FE.EN.ZS,1993,,5295653,5295652
United States,USA,"Female share of graduates in engineering, manufacturing and construction (%, tertiary)",SE.TER.GRAD.FE.EN.ZS,1996,,5295656,5295655
United States,USA,"Female share of graduates in engineering, manufacturing and construction (%, tertiary)",SE.TER.GRAD.FE.EN.ZS,1999,17.57751,5295659,5295658
United States,USA,"Female share of graduates in engineering, manufacturing and construction (%, tertiary)",SE.TER.GRAD.FE.EN.ZS,2001,18.85589,5295661,5295660
United States,USA,"Female share of graduates in engineering, manufacturing and construction (%, tertiary)",SE.TER.GRAD.FE.EN.ZS,2002,19.31375,5295662,5295661
United States,USA,"Female share of graduates in engineering, manufacturing and construction (%, tertiary)",SE.TER.GRAD.FE.EN.ZS,2004,19.22683,5295664,5295663
United States,USA,"Female share of graduates in engineering, manufacturing and construction (%, tertiary)",SE.TER.GRAD.FE.EN.ZS,2005,19.3163,5295665,5295664
United States,USA,"Female share of graduates in engineering, manufacturing and construction (%, tertiary)",SE.TER.GRAD.FE.EN.ZS,2007,18.63385,5295667,5295666
United States,USA,"Female share of graduates in engineering, manufacturing and construction (%, tertiary)",SE.TER.GRAD.FE.EN.ZS,2009,18.64535,5295669,5295668
United States,USA,"Female share of graduates in health (%, tertiary)",SE.TER.GRAD.FE.HL.ZS,1962,,5295676,5295675
United States,USA,"Female share of graduates in health (%, tertiary)",SE.TER.GRAD.FE.HL.ZS,1963,,5295677,5295676
United States,USA,"Female share of graduates in health (%, tertiary)",SE.TER.GRAD.FE.HL.ZS,1971,,5295685,5295684
United States,USA,"Female share of graduates in health (%, tertiary)",SE.TER.GRAD.FE.HL.ZS,1973,,5295687,5295686
United States,USA,"Female share of graduates in health (%, tertiary)",SE.TER.GRAD.FE.HL.ZS,1975,,5295689,5295688
United States,USA,"Female share of graduates in health (%, tertiary)",SE.TER.GRAD.FE.HL.ZS,1976,,5295690,5295689
United States,USA,"Female share of graduates in health (%, tertiary)",SE.TER.GRAD.FE.HL.ZS,1979,,5295693,5295692
United States,USA,"Female share of graduates in health (%, tertiary)",SE.TER.GRAD.FE.HL.ZS,1985,,5295699,5295698
United States,USA,"Female share of graduates in health (%, tertiary)",SE.TER.GRAD.FE.HL.ZS,1994,,5295708,5295707
United States,USA,"Female share of graduates in health (%, tertiary)",SE.TER.GRAD.FE.HL.ZS,1995,,5295709,5295708
United States,USA,"Female share of graduates in health (%, tertiary)",SE.TER.GRAD.FE.HL.ZS,2003,80.14143,5295717,5295716
United States,USA,"Female share of graduates in health (%, tertiary)",SE.TER.GRAD.FE.HL.ZS,2004,80.26166,5295718,5295717
United States,USA,"Female share of graduates in health (%, tertiary)",SE.TER.GRAD.FE.HL.ZS,2006,81.30263,5295720,5295719
United States,USA,"Female share of graduates in health (%, tertiary)",SE.TER.GRAD.FE.HL.ZS,2011,,5295725,5295724
United States,USA,"Female share of graduates in humanities and arts (%, tertiary)",SE.TER.GRAD.FE.HU.ZS,1983,,5295751,5295750
United States,USA,"Female share of graduates in humanities and arts (%, tertiary)",SE.TER.GRAD.FE.HU.ZS,1985,,5295753,5295752
United States,USA,"Female share of graduates in humanities and arts (%, tertiary)",SE.TER.GRAD.FE.HU.ZS,1989,,5295757,5295756
United States,USA,"Female share of graduates in humanities and arts (%, tertiary)",SE.TER.GRAD.FE.HU.ZS,1999,60.04347,5295768,5295767
United States,USA,"Female share of graduates in humanities and arts (%, tertiary)",SE.TER.GRAD.FE.HU.ZS,2000,60.78155,5295769,5295768
United States,USA,"Female share of graduates in humanities and arts (%, tertiary)",SE.TER.GRAD.FE.HU.ZS,2003,58.75836,5295772,5295771
United States,USA,"Female share of graduates in humanities and arts (%, tertiary)",SE.TER.GRAD.FE.HU.ZS,2007,59.72932,5295776,5295775
United States,USA,"Female share of graduates in humanities and arts (%, tertiary)",SE.TER.GRAD.FE.HU.ZS,2008,59.42485,5295777,5295776
United States,USA,"Female share of graduates in science (%, tertiary)",SE.TER.GRAD.FE.SC.ZS,1998,,5295821,5295820
United States,USA,"Female share of graduates in science (%, tertiary)",SE.TER.GRAD.FE.SC.ZS,2001,43.62807,5295825,5295824
United States,USA,"Female share of graduates in science (%, tertiary)",SE.TER.GRAD.FE.SC.ZS,2003,41.40383,5295827,5295826
United States,USA,"Female share of graduates in science (%, tertiary)",SE.TER.GRAD.FE.SC.ZS,2006,40.92878,5295830,5295829
United States,USA,"Female share of graduates in science (%, tertiary)",SE.TER.GRAD.FE.SC.ZS,2011,,5295835,5295834
United States,USA,"Female share of graduates in services (%, tertiary)",SE.TER.GRAD.FE.SV.ZS,1967,,5295845,5295844
United States,USA,"Female share of graduates in services (%, tertiary)",SE.TER.GRAD.FE.SV.ZS,1971,,5295849,5295848
United States,USA,"Female share of graduates in services (%, tertiary)",SE.TER.GRAD.FE.SV.ZS,1975,,5295853,5295852
United States,USA,"Female share of graduates in services (%, tertiary)",SE.TER.GRAD.FE.SV.ZS,1978,,5295856,5295855
United States,USA,"Female share of graduates in services (%, tertiary)",SE.TER.GRAD.FE.SV.ZS,1980,,5295858,5295857
United States,USA,"Female share of graduates in services (%, tertiary)",SE.TER.GRAD.FE.SV.ZS,1982,,5295860,5295859
United States,USA,"Female share of graduates in services (%, tertiary)",SE.TER.GRAD.FE.SV.ZS,1984,,5295862,5295861
United States,USA,"Female share of graduates in services (%, tertiary)",SE.TER.GRAD.FE.SV.ZS,1988,,5295866,5295865
United States,USA,"Female share of graduates in services (%, tertiary)",SE.TER.GRAD.FE.SV.ZS,1989,,5295867,5295866
United States,USA,"Female share of graduates in services (%, tertiary)",SE.TER.GRAD.FE.SV.ZS,1990,,5295868,5295867
United States,USA,"Female share of graduates in social science, business and law (%, tertiary)",SE.TER.GRAD.FE.SS.ZS,1966,,5295899,5295898
United States,USA,"Female share of graduates in social science, business and law (%, tertiary)",SE.TER.GRAD.FE.SS.ZS,1971,,5295904,5295903
United States,USA,"Female share of graduates in social science, business and law (%, tertiary)",SE.TER.GRAD.FE.SS.ZS,1972,,5295905,5295904
United States,USA,"Female share of graduates in social science, business and law (%, tertiary)",SE.TER.GRAD.FE.SS.ZS,1978,,5295911,5295910
United States,USA,"Female share of graduates in social science, business and law (%, tertiary)",SE.TER.GRAD.FE.SS.ZS,1982,,5295915,5295914
United States,USA,"Female share of graduates in social science, business and law (%, tertiary)",SE.TER.GRAD.FE.SS.ZS,1983,,5295916,5295915
United States,USA,"Female share of graduates in social science, business and law (%, tertiary)",SE.TER.GRAD.FE.SS.ZS,1988,,5295921,5295920
United States,USA,"Female share of graduates in social science, business and law (%, tertiary)",SE.TER.GRAD.FE.SS.ZS,1989,,5295922,5295921
United States,USA,"Female share of graduates in social science, business and law (%, tertiary)",SE.TER.GRAD.FE.SS.ZS,1994,,5295927,5295926
United States,USA,"Female share of graduates in social science, business and law (%, tertiary)",SE.TER.GRAD.FE.SS.ZS,1995,,5295928,5295927
United States,USA,"Female share of graduates in social science, business and law (%, tertiary)",SE.TER.GRAD.FE.SS.ZS,2003,57.32539,5295936,5295935
United States,USA,"Female share of graduates in social science, business and law (%, tertiary)",SE.TER.GRAD.FE.SS.ZS,2008,55.69097,5295941,5295940
United States,USA,"Female share of graduates in social science, business and law (%, tertiary)",SE.TER.GRAD.FE.SS.ZS,2010,55.70182,5295943,5295942
United States,USA,"Female share of graduates in unknown or unspecified fields (%, tertiary)",SE.TER.GRAD.FE.OT.ZS,1967,,5295954,5295953
United States,USA,"Female share of graduates in unknown or unspecified fields (%, tertiary)",SE.TER.GRAD.FE.OT.ZS,1969,,5295956,5295955
United States,USA,"Female share of graduates in unknown or unspecified fields (%, tertiary)",SE.TER.GRAD.FE.OT.ZS,1970,,5295957,5295956
United States,USA,"Female share of graduates in unknown or unspecified fields (%, tertiary)",SE.TER.GRAD.FE.OT.ZS,1972,,5295959,5295958
United States,USA,"Female share of graduates in unknown or unspecified fields (%, tertiary)",SE.TER.GRAD.FE.OT.ZS,1973,,5295960,5295959
United States,USA,"Female share of graduates in unknown or unspecified fields (%, tertiary)",SE.TER.GRAD.FE.OT.ZS,1978,,5295965,5295964
United States,USA,"Female share of graduates in unknown or unspecified fields (%, tertiary)",SE.TER.GRAD.FE.OT.ZS,1980,,5295967,5295966
United States,USA,"Female share of graduates in unknown or unspecified fields (%, tertiary)",SE.TER.GRAD.FE.OT.ZS,1993,,5295980,5295979
United States,USA,"Female share of graduates in unknown or unspecified fields (%, tertiary)",SE.TER.GRAD.FE.OT.ZS,1995,,5295982,5295981
United States,USA,"Female share of graduates in unknown or unspecified fields (%, tertiary)",SE.TER.GRAD.FE.OT.ZS,1997,,5295984,5295983
United States,USA,"Female share of graduates in unknown or unspecified fields (%, tertiary)",SE.TER.GRAD.FE.OT.ZS,2000,61.99522,5295987,5295986
United States,USA,"Female share of graduates in unknown or unspecified fields (%, tertiary)",SE.TER.GRAD.FE.OT.ZS,2010,,5295998,5295997
United States,USA,"Female share of graduates in agriculture (%, tertiary)",SE.TER.GRAD.FE.AG.ZS,1960,,5295512,5295511
United States,USA,"Female share of graduates in agriculture (%, tertiary)",SE.TER.GRAD.FE.AG.ZS,1963,,5295515,5295514
United States,USA,"Female share of graduates in agriculture (%, tertiary)",SE.TER.GRAD.FE.AG.ZS,1968,,5295520,5295519
United States,USA,"Female share of graduates in agriculture (%, tertiary)",SE.TER.GRAD.FE.AG.ZS,1975,,5295527,5295526
United States,USA,"Female share of graduates in agriculture (%, tertiary)",SE.TER.GRAD.FE.AG.ZS,1977,,5295529,5295528
United States,USA,"Female share of graduates in agriculture (%, tertiary)",SE.TER.GRAD.FE.AG.ZS,1985,,5295537,5295536
United States,USA,"Female share of graduates in agriculture (%, tertiary)",SE.TER.GRAD.FE.AG.ZS,1986,,5295538,5295537
United States,USA,"Female share of graduates in agriculture (%, tertiary)",SE.TER.GRAD.FE.AG.ZS,1991,,5295543,5295542
United States,USA,"Female share of graduates in agriculture (%, tertiary)",SE.TER.GRAD.FE.AG.ZS,1993,,5295545,5295544
United States,USA,"Female share of graduates in agriculture (%, tertiary)",SE.TER.GRAD.FE.AG.ZS,1995,,5295547,5295546
United States,USA,"Female share of graduates in education (%, tertiary)",SE.TER.GRAD.FE.ED.ZS,2000,75.92943,5295606,5295605
United States,USA,"Female share of graduates in education (%, tertiary)",SE.TER.GRAD.FE.ED.ZS,2001,76.37358,5295607,5295606
United States,USA,"Female share of graduates in education (%, tertiary)",SE.TER.GRAD.FE.ED.ZS,2003,77.51453,5295609,5295608
United States,USA,"Female share of graduates in engineering, manufacturing and construction (%, tertiary)",SE.TER.GRAD.FE.EN.ZS,1965,,5295625,5295624
United States,USA,"Female share of graduates in engineering, manufacturing and construction (%, tertiary)",SE.TER.GRAD.FE.EN.ZS,1976,,5295636,5295635
United States,USA,"Female share of graduates in engineering, manufacturing and construction (%, tertiary)",SE.TER.GRAD.FE.EN.ZS,1987,,5295647,5295646
United States,USA,"Female share of graduates in engineering, manufacturing and construction (%, tertiary)",SE.TER.GRAD.FE.EN.ZS,1995,,5295655,5295654
United States,USA,"Female share of graduates in engineering, manufacturing and construction (%, tertiary)",SE.TER.GRAD.FE.EN.ZS,2000,18.68069,5295660,5295659
United States,USA,"Female share of graduates in engineering, manufacturing and construction (%, tertiary)",SE.TER.GRAD.FE.EN.ZS,2008,18.80861,5295668,5295667
United States,USA,"Female share of graduates in health (%, tertiary)",SE.TER.GRAD.FE.HL.ZS,1967,,5295681,5295680
United States,USA,"Female share of graduates in health (%, tertiary)",SE.TER.GRAD.FE.HL.ZS,1969,,5295683,5295682
United States,USA,"Female share of graduates in health (%, tertiary)",SE.TER.GRAD.FE.HL.ZS,1987,,5295701,5295700
United States,USA,"Female share of graduates in health (%, tertiary)",SE.TER.GRAD.FE.HL.ZS,1989,,5295703,5295702
United States,USA,"Female share of graduates in health (%, tertiary)",SE.TER.GRAD.FE.HL.ZS,1992,,5295706,5295705
United States,USA,"Female share of graduates in health (%, tertiary)",SE.TER.GRAD.FE.HL.ZS,1993,,5295707,5295706
United States,USA,"Female share of graduates in health (%, tertiary)",SE.TER.GRAD.FE.HL.ZS,1997,,5295711,5295710
United States,USA,"Female share of graduates in health (%, tertiary)",SE.TER.GRAD.FE.HL.ZS,2002,79.6029,5295716,5295715
United States,USA,"Female share of graduates in health (%, tertiary)",SE.TER.GRAD.FE.HL.ZS,2005,81.24973,5295719,5295718
United States,USA,"Female share of graduates in health (%, tertiary)",SE.TER.GRAD.FE.HL.ZS,2008,81.58188,5295722,5295721
United States,USA,"Female share of graduates in humanities and arts (%, tertiary)",SE.TER.GRAD.FE.HU.ZS,1966,,5295734,5295733
United States,USA,"Female share of graduates in humanities and arts (%, tertiary)",SE.TER.GRAD.FE.HU.ZS,1972,,5295740,5295739
United States,USA,"Female share of graduates in humanities and arts (%, tertiary)",SE.TER.GRAD.FE.HU.ZS,1975,,5295743,5295742
United States,USA,"Female share of graduates in humanities and arts (%, tertiary)",SE.TER.GRAD.FE.HU.ZS,1982,,5295750,5295749
United States,USA,"Female share of graduates in humanities and arts (%, tertiary)",SE.TER.GRAD.FE.HU.ZS,1991,,5295759,5295758
United States,USA,"Female share of graduates in humanities and arts (%, tertiary)",SE.TER.GRAD.FE.HU.ZS,2012,,5295781,5295780
United States,USA,"Female share of graduates in science (%, tertiary)",SE.TER.GRAD.FE.SC.ZS,1963,,5295786,5295785
United States,USA,"Female share of graduates in science (%, tertiary)",SE.TER.GRAD.FE.SC.ZS,1965,,5295788,5295787
United States,USA,"Female share of graduates in science (%, tertiary)",SE.TER.GRAD.FE.SC.ZS,1978,,5295801,5295800
United States,USA,"Female share of graduates in science (%, tertiary)",SE.TER.GRAD.FE.SC.ZS,1989,,5295812,5295811
United States,USA,"Female share of graduates in science (%, tertiary)",SE.TER.GRAD.FE.SC.ZS,1990,,5295813,5295812
United States,USA,"Female share of graduates in science (%, tertiary)",SE.TER.GRAD.FE.SC.ZS,1991,,5295814,5295813
United States,USA,"Female share of graduates in science (%, tertiary)",SE.TER.GRAD.FE.SC.ZS,1994,,5295817,5295816
United States,USA,"Female share of graduates in science (%, tertiary)",SE.TER.GRAD.FE.SC.ZS,1996,,5295819,5295818
United States,USA,"Female share of graduates in science (%, tertiary)",SE.TER.GRAD.FE.SC.ZS,1997,,5295820,5295819
United States,USA,"Female share of graduates in science (%, tertiary)",SE.TER.GRAD.FE.SC.ZS,2002,42.94073,5295826,5295825
United States,USA,"Female share of graduates in science (%, tertiary)",SE.TER.GRAD.FE.SC.ZS,2004,40.85449,5295828,5295827
United States,USA,"Female share of graduates in services (%, tertiary)",SE.TER.GRAD.FE.SV.ZS,1961,,5295839,5295838
United States,USA,"Female share of graduates in services (%, tertiary)",SE.TER.GRAD.FE.SV.ZS,1964,,5295842,5295841
United States,USA,"Female share of graduates in services (%, tertiary)",SE.TER.GRAD.FE.SV.ZS,1965,,5295843,5295842
United States,USA,"Female share of graduates in services (%, tertiary)",SE.TER.GRAD.FE.SV.ZS,1968,,5295846,5295845
United States,USA,"Female share of graduates in services (%, tertiary)",SE.TER.GRAD.FE.SV.ZS,1972,,5295850,5295849
United States,USA,"Female share of graduates in services (%, tertiary)",SE.TER.GRAD.FE.SV.ZS,1973,,5295851,5295850
United States,USA,"Female share of graduates in services (%, tertiary)",SE.TER.GRAD.FE.SV.ZS,1974,,5295852,5295851
United States,USA,"Female share of graduates in services (%, tertiary)",SE.TER.GRAD.FE.SV.ZS,1977,,5295855,5295854
United States,USA,"Female share of graduates in services (%, tertiary)",SE.TER.GRAD.FE.SV.ZS,1979,,5295857,5295856
United States,USA,"Female share of graduates in services (%, tertiary)",SE.TER.GRAD.FE.SV.ZS,1983,,5295861,5295860
United States,USA,"Female share of graduates in services (%, tertiary)",SE.TER.GRAD.FE.SV.ZS,1985,,5295863,5295862
United States,USA,"Female share of graduates in services (%, tertiary)",SE.TER.GRAD.FE.SV.ZS,1987,,5295865,5295864
United States,USA,"Female share of graduates in services (%, tertiary)",SE.TER.GRAD.FE.SV.ZS,1991,,5295869,5295868
United States,USA,"Female share of graduates in services (%, tertiary)",SE.TER.GRAD.FE.SV.ZS,1992,,5295870,5295869
United States,USA,"Female share of graduates in services (%, tertiary)",SE.TER.GRAD.FE.SV.ZS,2003,48.02095,5295881,5295880
United States,USA,"Female share of graduates in services (%, tertiary)",SE.TER.GRAD.FE.SV.ZS,2010,54.61879,5295889,5295888
United States,USA,"Female share of graduates in services (%, tertiary)",SE.TER.GRAD.FE.SV.ZS,2011,,5295890,5295889
United States,USA,"Female share of graduates in services (%, tertiary)",SE.TER.GRAD.FE.SV.ZS,2013,,5295892,5295891
United States,USA,"Female share of graduates in social science, business and law (%, tertiary)",SE.TER.GRAD.FE.SS.ZS,1964,,5295897,5295896
United States,USA,"Female share of graduates in social science, business and law (%, tertiary)",SE.TER.GRAD.FE.SS.ZS,1970,,5295903,5295902
United States,USA,"Female share of graduates in social science, business and law (%, tertiary)",SE.TER.GRAD.FE.SS.ZS,1985,,5295918,5295917
United States,USA,"Female share of graduates in social science, business and law (%, tertiary)",SE.TER.GRAD.FE.SS.ZS,1987,,5295920,5295919
United States,USA,"Female share of graduates in social science, business and law (%, tertiary)",SE.TER.GRAD.FE.SS.ZS,1990,,5295923,5295922
United States,USA,"Female share of graduates in unknown or unspecified fields (%, tertiary)",SE.TER.GRAD.FE.OT.ZS,1985,,5295972,5295971
United States,USA,"Female share of graduates in unknown or unspecified fields (%, tertiary)",SE.TER.GRAD.FE.OT.ZS,1986,,5295973,5295972
United States,USA,"Female share of graduates in agriculture (%, tertiary)",SE.TER.GRAD.FE.AG.ZS,1962,,5295514,5295513
United States,USA,"Female share of graduates in agriculture (%, tertiary)",SE.TER.GRAD.FE.AG.ZS,1966,,5295518,5295517
United States,USA,"Female share of graduates in agriculture (%, tertiary)",SE.TER.GRAD.FE.AG.ZS,1971,,5295523,5295522
United States,USA,"Female share of graduates in agriculture (%, tertiary)",SE.TER.GRAD.FE.AG.ZS,1974,,5295526,5295525
United States,USA,"Female share of graduates in agriculture (%, tertiary)",SE.TER.GRAD.FE.AG.ZS,1976,,5295528,5295527
United States,USA,"Female share of graduates in agriculture (%, tertiary)",SE.TER.GRAD.FE.AG.ZS,1978,,5295530,5295529
United States,USA,"Female share of graduates in agriculture (%, tertiary)",SE.TER.GRAD.FE.AG.ZS,1979,,5295531,5295530
United States,USA,"Female share of graduates in agriculture (%, tertiary)",SE.TER.GRAD.FE.AG.ZS,1980,,5295532,5295531
United States,USA,"Female share of graduates in agriculture (%, tertiary)",SE.TER.GRAD.FE.AG.ZS,1994,,5295546,5295545
United States,USA,"Female share of graduates in agriculture (%, tertiary)",SE.TER.GRAD.FE.AG.ZS,1996,,5295548,5295547
United States,USA,"Female share of graduates in agriculture (%, tertiary)",SE.TER.GRAD.FE.AG.ZS,1997,,5295549,5295548
United States,USA,"Female share of graduates in agriculture (%, tertiary)",SE.TER.GRAD.FE.AG.ZS,2002,48.87178,5295554,5295553
United States,USA,"Female share of graduates in agriculture (%, tertiary)",SE.TER.GRAD.FE.AG.ZS,2003,48.3519,5295555,5295554
United States,USA,"Female share of graduates in agriculture (%, tertiary)",SE.TER.GRAD.FE.AG.ZS,2007,47.70998,5295559,5295558
United States,USA,"Female share of graduates in agriculture (%, tertiary)",SE.TER.GRAD.FE.AG.ZS,2008,48.06613,5295560,5295559
United States,USA,"Female share of graduates in education (%, tertiary)",SE.TER.GRAD.FE.ED.ZS,1960,,5295566,5295565
United States,USA,"Female share of graduates in education (%, tertiary)",SE.TER.GRAD.FE.ED.ZS,1961,,5295567,5295566
United States,USA,"Female share of graduates in education (%, tertiary)",SE.TER.GRAD.FE.ED.ZS,1962,,5295568,5295567
United States,USA,"Female share of graduates in education (%, tertiary)",SE.TER.GRAD.FE.ED.ZS,1971,,5295577,5295576
United States,USA,"Female share of graduates in education (%, tertiary)",SE.TER.GRAD.FE.ED.ZS,1972,,5295578,5295577
United States,USA,"Female share of graduates in education (%, tertiary)",SE.TER.GRAD.FE.ED.ZS,1974,,5295580,5295579
United States,USA,"Female share of graduates in education (%, tertiary)",SE.TER.GRAD.FE.ED.ZS,1987,,5295593,5295592
United States,USA,"Female share of graduates in education (%, tertiary)",SE.TER.GRAD.FE.ED.ZS,1994,,5295600,5295599
United States,USA,"Female share of graduates in education (%, tertiary)",SE.TER.GRAD.FE.ED.ZS,1996,,5295602,5295601
United States,USA,"Female share of graduates in education (%, tertiary)",SE.TER.GRAD.FE.ED.ZS,1997,,5295603,5295602
United States,USA,"Female share of graduates in health (%, tertiary)",SE.TER.GRAD.FE.HL.ZS,1977,,5295691,5295690
United States,USA,"Female share of graduates in health (%, tertiary)",SE.TER.GRAD.FE.HL.ZS,1981,,5295695,5295694
United States,USA,"Female share of graduates in health (%, tertiary)",SE.TER.GRAD.FE.HL.ZS,1982,,5295696,5295695
United States,USA,"Female share of graduates in health (%, tertiary)",SE.TER.GRAD.FE.HL.ZS,1983,,5295697,5295696
United States,USA,"Female share of graduates in health (%, tertiary)",SE.TER.GRAD.FE.HL.ZS,2001,79.11475,5295715,5295714
United States,USA,"Female share of graduates in health (%, tertiary)",SE.TER.GRAD.FE.HL.ZS,2007,81.6553,5295721,5295720
United States,USA,"Female share of graduates in health (%, tertiary)",SE.TER.GRAD.FE.HL.ZS,2009,81.6274,5295723,5295722
United States,USA,"Female share of graduates in health (%, tertiary)",SE.TER.GRAD.FE.HL.ZS,2010,81.68256,5295724,5295723
United States,USA,"Female share of graduates in health (%, tertiary)",SE.TER.GRAD.FE.HL.ZS,2012,,5295726,5295725
United States,USA,"Female share of graduates in humanities and arts (%, tertiary)",SE.TER.GRAD.FE.HU.ZS,1965,,5295733,5295732
United States,USA,"Female share of graduates in humanities and arts (%, tertiary)",SE.TER.GRAD.FE.HU.ZS,1970,,5295738,5295737
United States,USA,"Female share of graduates in humanities and arts (%, tertiary)",SE.TER.GRAD.FE.HU.ZS,1976,,5295744,5295743
United States,USA,"Female share of graduates in humanities and arts (%, tertiary)",SE.TER.GRAD.FE.HU.ZS,1984,,5295752,5295751
United States,USA,"Female share of graduates in humanities and arts (%, tertiary)",SE.TER.GRAD.FE.HU.ZS,1986,,5295754,5295753
United States,USA,"Female share of graduates in humanities and arts (%, tertiary)",SE.TER.GRAD.FE.HU.ZS,1987,,5295755,5295754
United States,USA,"Female share of graduates in humanities and arts (%, tertiary)",SE.TER.GRAD.FE.HU.ZS,1988,,5295756,5295755
United States,USA,"Female share of graduates in humanities and arts (%, tertiary)",SE.TER.GRAD.FE.HU.ZS,1990,,5295758,5295757
United States,USA,"Female share of graduates in humanities and arts (%, tertiary)",SE.TER.GRAD.FE.HU.ZS,1992,,5295760,5295759
United States,USA,"Female share of graduates in humanities and arts (%, tertiary)",SE.TER.GRAD.FE.HU.ZS,1998,,5295767,5295766
United States,USA,"Female share of graduates in humanities and arts (%, tertiary)",SE.TER.GRAD.FE.HU.ZS,2004,59.96082,5295773,5295772
United States,USA,"Female share of graduates in humanities and arts (%, tertiary)",SE.TER.GRAD.FE.HU.ZS,2005,59.85336,5295774,5295773
United States,USA,"Female share of graduates in humanities and arts (%, tertiary)",SE.TER.GRAD.FE.HU.ZS,2006,59.97391,5295775,5295774
United States,USA,"Female share of graduates in humanities and arts (%, tertiary)",SE.TER.GRAD.FE.HU.ZS,2009,58.92934,5295778,5295777
United States,USA,"Female share of graduates in science (%, tertiary)",SE.TER.GRAD.FE.SC.ZS,1961,,5295784,5295783
United States,USA,"Female share of graduates in science (%, tertiary)",SE.TER.GRAD.FE.SC.ZS,1967,,5295790,5295789
United States,USA,"Female share of graduates in science (%, tertiary)",SE.TER.GRAD.FE.SC.ZS,1968,,5295791,5295790
United States,USA,"Female share of graduates in science (%, tertiary)",SE.TER.GRAD.FE.SC.ZS,1971,,5295794,5295793
United States,USA,"Female share of graduates in science (%, tertiary)",SE.TER.GRAD.FE.SC.ZS,1972,,5295795,5295794
United States,USA,"Female share of graduates in science (%, tertiary)",SE.TER.GRAD.FE.SC.ZS,1974,,5295797,5295796
United States,USA,"Female share of graduates in science (%, tertiary)",SE.TER.GRAD.FE.SC.ZS,1975,,5295798,5295797
United States,USA,"Female share of graduates in science (%, tertiary)",SE.TER.GRAD.FE.SC.ZS,1977,,5295800,5295799
United States,USA,"Female share of graduates in science (%, tertiary)",SE.TER.GRAD.FE.SC.ZS,1979,,5295802,5295801
United States,USA,"Female share of graduates in science (%, tertiary)",SE.TER.GRAD.FE.SC.ZS,1981,,5295804,5295803
United States,USA,"Female share of graduates in science (%, tertiary)",SE.TER.GRAD.FE.SC.ZS,1984,,5295807,5295806
United States,USA,"Female share of graduates in science (%, tertiary)",SE.TER.GRAD.FE.SC.ZS,1988,,5295811,5295810
United States,USA,"Female share of graduates in science (%, tertiary)",SE.TER.GRAD.FE.SC.ZS,2010,41.00858,5295834,5295833
United States,USA,"Female share of graduates in science (%, tertiary)",SE.TER.GRAD.FE.SC.ZS,2012,,5295836,5295835
United States,USA,"Female share of graduates in science (%, tertiary)",SE.TER.GRAD.FE.SC.ZS,2013,,5295837,5295836
United States,USA,"Female share of graduates in services (%, tertiary)",SE.TER.GRAD.FE.SV.ZS,1962,,5295840,5295839
United States,USA,"Female share of graduates in services (%, tertiary)",SE.TER.GRAD.FE.SV.ZS,1963,,5295841,5295840
United States,USA,"Female share of graduates in services (%, tertiary)",SE.TER.GRAD.FE.SV.ZS,1966,,5295844,5295843
United States,USA,"Female share of graduates in services (%, tertiary)",SE.TER.GRAD.FE.SV.ZS,1993,,5295871,5295870
United States,USA,"Female share of graduates in services (%, tertiary)",SE.TER.GRAD.FE.SV.ZS,1997,,5295875,5295874
United States,USA,"Female share of graduates in services (%, tertiary)",SE.TER.GRAD.FE.SV.ZS,2000,38.65479,5295878,5295877
United States,USA,"Female share of graduates in services (%, tertiary)",SE.TER.GRAD.FE.SV.ZS,2001,50.43934,5295879,5295878
United States,USA,"Female share of graduates in social science, business and law (%, tertiary)",SE.TER.GRAD.FE.SS.ZS,1961,,5295894,5295893
United States,USA,"Female share of graduates in social science, business and law (%, tertiary)",SE.TER.GRAD.FE.SS.ZS,1962,,5295895,5295894
United States,USA,"Female share of graduates in social science, business and law (%, tertiary)",SE.TER.GRAD.FE.SS.ZS,1963,,5295896,5295895
United States,USA,"Female share of graduates in social science, business and law (%, tertiary)",SE.TER.GRAD.FE.SS.ZS,1965,,5295898,5295897
United States,USA,"Female share of graduates in social science, business and law (%, tertiary)",SE.TER.GRAD.FE.SS.ZS,1974,,5295907,5295906
United States,USA,"Female share of graduates in social science, business and law (%, tertiary)",SE.TER.GRAD.FE.SS.ZS,1975,,5295908,5295907
United States,USA,"Female share of graduates in social science, business and law (%, tertiary)",SE.TER.GRAD.FE.SS.ZS,1977,,5295910,5295909
United States,USA,"Female share of graduates in social science, business and law (%, tertiary)",SE.TER.GRAD.FE.SS.ZS,1979,,5295912,5295911
United States,USA,"Female share of graduates in social science, business and law (%, tertiary)",SE.TER.GRAD.FE.SS.ZS,1980,,5295913,5295912
United States,USA,"Female share of graduates in social science, business and law (%, tertiary)",SE.TER.GRAD.FE.SS.ZS,1992,,5295925,5295924
United States,USA,"Female share of graduates in social science, business and law (%, tertiary)",SE.TER.GRAD.FE.SS.ZS,1996,,5295929,5295928
United States,USA,"Female share of graduates in social science, business and law (%, tertiary)",SE.TER.GRAD.FE.SS.ZS,2007,55.93831,5295940,5295939
United States,USA,"Female share of graduates in unknown or unspecified fields (%, tertiary)",SE.TER.GRAD.FE.OT.ZS,1961,,5295948,5295947
United States,USA,"Female share of graduates in unknown or unspecified fields (%, tertiary)",SE.TER.GRAD.FE.OT.ZS,1962,,5295949,5295948
United States,USA,"Female share of graduates in unknown or unspecified fields (%, tertiary)",SE.TER.GRAD.FE.OT.ZS,1964,,5295951,5295950
United States,USA,"Female share of graduates in unknown or unspecified fields (%, tertiary)",SE.TER.GRAD.FE.OT.ZS,1965,,5295952,5295951
United States,USA,"Female share of graduates in unknown or unspecified fields (%, tertiary)",SE.TER.GRAD.FE.OT.ZS,1966,,5295953,5295952
United States,USA,"Female share of graduates in unknown or unspecified fields (%, tertiary)",SE.TER.GRAD.FE.OT.ZS,1983,,5295970,5295969
United States,USA,"Female share of graduates in unknown or unspecified fields (%, tertiary)",SE.TER.GRAD.FE.OT.ZS,1984,,5295971,5295970
United States,USA,"Female share of graduates in unknown or unspecified fields (%, tertiary)",SE.TER.GRAD.FE.OT.ZS,1994,,5295981,5295980
United States,USA,"Female share of graduates in unknown or unspecified fields (%, tertiary)",SE.TER.GRAD.FE.OT.ZS,2011,,5295999,5295998
United States,USA,"Female share of graduates in agriculture (%, tertiary)",SE.TER.GRAD.FE.AG.ZS,1969,,5295521,5295520
United States,USA,"Female share of graduates in agriculture (%, tertiary)",SE.TER.GRAD.FE.AG.ZS,1970,,5295522,5295521
United States,USA,"Female share of graduates in agriculture (%, tertiary)",SE.TER.GRAD.FE.AG.ZS,1972,,5295524,5295523
United States,USA,"Female share of graduates in agriculture (%, tertiary)",SE.TER.GRAD.FE.AG.ZS,1973,,5295525,5295524
United States,USA,"Female share of graduates in agriculture (%, tertiary)",SE.TER.GRAD.FE.AG.ZS,1982,,5295534,5295533
United States,USA,"Female share of graduates in agriculture (%, tertiary)",SE.TER.GRAD.FE.AG.ZS,1983,,5295535,5295534
United States,USA,"Female share of graduates in agriculture (%, tertiary)",SE.TER.GRAD.FE.AG.ZS,1984,,5295536,5295535
United States,USA,"Female share of graduates in agriculture (%, tertiary)",SE.TER.GRAD.FE.AG.ZS,1987,,5295539,5295538
United States,USA,"Female share of graduates in agriculture (%, tertiary)",SE.TER.GRAD.FE.AG.ZS,1989,,5295541,5295540
United States,USA,"Female share of graduates in agriculture (%, tertiary)",SE.TER.GRAD.FE.AG.ZS,1998,,5295550,5295549
United States,USA,"Female share of graduates in agriculture (%, tertiary)",SE.TER.GRAD.FE.AG.ZS,1999,45.34524,5295551,5295550
United States,USA,"Female share of graduates in agriculture (%, tertiary)",SE.TER.GRAD.FE.AG.ZS,2000,47.52852,5295552,5295551
United States,USA,"Female share of graduates in agriculture (%, tertiary)",SE.TER.GRAD.FE.AG.ZS,2001,48.16675,5295553,5295552
United States,USA,"Female share of graduates in agriculture (%, tertiary)",SE.TER.GRAD.FE.AG.ZS,2005,47.57037,5295557,5295556
United States,USA,"Female share of graduates in agriculture (%, tertiary)",SE.TER.GRAD.FE.AG.ZS,2009,47.23951,5295561,5295560
United States,USA,"Female share of graduates in education (%, tertiary)",SE.TER.GRAD.FE.ED.ZS,1964,,5295570,5295569
United States,USA,"Female share of graduates in education (%, tertiary)",SE.TER.GRAD.FE.ED.ZS,1966,,5295572,5295571
United States,USA,"Female share of graduates in education (%, tertiary)",SE.TER.GRAD.FE.ED.ZS,1968,,5295574,5295573
United States,USA,"Female share of graduates in education (%, tertiary)",SE.TER.GRAD.FE.ED.ZS,1969,,5295575,5295574
United States,USA,"Female share of graduates in education (%, tertiary)",SE.TER.GRAD.FE.ED.ZS,1977,,5295583,5295582
United States,USA,"Female share of graduates in education (%, tertiary)",SE.TER.GRAD.FE.ED.ZS,1978,,5295584,5295583
United States,USA,"Female share of graduates in education (%, tertiary)",SE.TER.GRAD.FE.ED.ZS,1982,,5295588,5295587
United States,USA,"Female share of graduates in education (%, tertiary)",SE.TER.GRAD.FE.ED.ZS,1984,,5295590,5295589
United States,USA,"Female share of graduates in education (%, tertiary)",SE.TER.GRAD.FE.ED.ZS,1990,,5295596,5295595
United States,USA,"Female share of graduates in education (%, tertiary)",SE.TER.GRAD.FE.ED.ZS,1991,,5295597,5295596
United States,USA,"Female share of graduates in education (%, tertiary)",SE.TER.GRAD.FE.ED.ZS,1992,,5295598,5295597
United States,USA,"Female share of graduates in education (%, tertiary)",SE.TER.GRAD.FE.ED.ZS,1993,,5295599,5295598
United States,USA,"Female share of graduates in education (%, tertiary)",SE.TER.GRAD.FE.ED.ZS,1995,,5295601,5295600
United States,USA,"Female share of graduates in education (%, tertiary)",SE.TER.GRAD.FE.ED.ZS,1998,,5295604,5295603
United States,USA,"Female share of graduates in education (%, tertiary)",SE.TER.GRAD.FE.ED.ZS,1999,75.48233,5295605,5295604
United States,USA,"Female share of graduates in education (%, tertiary)",SE.TER.GRAD.FE.ED.ZS,2002,76.68637,5295608,5295607
United States,USA,"Female share of graduates in education (%, tertiary)",SE.TER.GRAD.FE.ED.ZS,2004,77.35898,5295610,5295609
United States,USA,"Female share of graduates in education (%, tertiary)",SE.TER.GRAD.FE.ED.ZS,2006,77.61099,5295612,5295611
United States,USA,"Female share of graduates in education (%, tertiary)",SE.TER.GRAD.FE.ED.ZS,2007,77.8797,5295613,5295612
United States,USA,"Female share of graduates in engineering, manufacturing and construction (%, tertiary)",SE.TER.GRAD.FE.EN.ZS,1960,,5295620,5295619
United States,USA,"Female share of graduates in engineering, manufacturing and construction (%, tertiary)",SE.TER.GRAD.FE.EN.ZS,1968,,5295628,5295627
United States,USA,"Female share of graduates in engineering, manufacturing and construction (%, tertiary)",SE.TER.GRAD.FE.EN.ZS,1969,,5295629,5295628
United States,USA,"Female share of graduates in engineering, manufacturing and construction (%, tertiary)",SE.TER.GRAD.FE.EN.ZS,1971,,5295631,5295630
United States,USA,"Female share of graduates in engineering, manufacturing and construction (%, tertiary)",SE.TER.GRAD.FE.EN.ZS,1975,,5295635,5295634
United States,USA,"Female share of graduates in engineering, manufacturing and construction (%, tertiary)",SE.TER.GRAD.FE.EN.ZS,1978,,5295638,5295637
United States,USA,"Female share of graduates in engineering, manufacturing and construction (%, tertiary)",SE.TER.GRAD.FE.EN.ZS,1982,,5295642,5295641
United States,USA,"Female share of graduates in engineering, manufacturing and construction (%, tertiary)",SE.TER.GRAD.FE.EN.ZS,1988,,5295648,5295647
United States,USA,"Female share of graduates in engineering, manufacturing and construction (%, tertiary)",SE.TER.GRAD.FE.EN.ZS,1994,,5295654,5295653
United States,USA,"Female share of graduates in engineering, manufacturing and construction (%, tertiary)",SE.TER.GRAD.FE.EN.ZS,1998,,5295658,5295657
United States,USA,"Female share of graduates in engineering, manufacturing and construction (%, tertiary)",SE.TER.GRAD.FE.EN.ZS,2006,19.40939,5295666,5295665
United States,USA,"Female share of graduates in engineering, manufacturing and construction (%, tertiary)",SE.TER.GRAD.FE.EN.ZS,2011,,5295671,5295670
United States,USA,"Female share of graduates in engineering, manufacturing and construction (%, tertiary)",SE.TER.GRAD.FE.EN.ZS,2013,,5295673,5295672
United States,USA,"Female share of graduates in health (%, tertiary)",SE.TER.GRAD.FE.HL.ZS,1960,,5295674,5295673
United States,USA,"Female share of graduates in health (%, tertiary)",SE.TER.GRAD.FE.HL.ZS,1961,,5295675,5295674
United States,USA,"Female share of graduates in health (%, tertiary)",SE.TER.GRAD.FE.HL.ZS,1964,,5295678,5295677
United States,USA,"Female share of graduates in health (%, tertiary)",SE.TER.GRAD.FE.HL.ZS,1974,,5295688,5295687
United States,USA,"Female share of graduates in health (%, tertiary)",SE.TER.GRAD.FE.HL.ZS,1978,,5295692,5295691
United States,USA,"Female share of graduates in health (%, tertiary)",SE.TER.GRAD.FE.HL.ZS,1984,,5295698,5295697
United States,USA,"Female share of graduates in health (%, tertiary)",SE.TER.GRAD.FE.HL.ZS,1986,,5295700,5295699
United States,USA,"Female share of graduates in health (%, tertiary)",SE.TER.GRAD.FE.HL.ZS,1999,78.38969,5295713,5295712
United States,USA,"Female share of graduates in health (%, tertiary)",SE.TER.GRAD.FE.HL.ZS,2000,78.94014,5295714,5295713
United States,USA,"Female share of graduates in humanities and arts (%, tertiary)",SE.TER.GRAD.FE.HU.ZS,1964,,5295732,5295731
United States,USA,"Female share of graduates in humanities and arts (%, tertiary)",SE.TER.GRAD.FE.HU.ZS,1974,,5295742,5295741
United States,USA,"Female share of graduates in humanities and arts (%, tertiary)",SE.TER.GRAD.FE.HU.ZS,1977,,5295745,5295744
United States,USA,"Female share of graduates in humanities and arts (%, tertiary)",SE.TER.GRAD.FE.HU.ZS,1978,,5295746,5295745
United States,USA,"Female share of graduates in humanities and arts (%, tertiary)",SE.TER.GRAD.FE.HU.ZS,1981,,5295749,5295748
United States,USA,"Female share of graduates in humanities and arts (%, tertiary)",SE.TER.GRAD.FE.HU.ZS,1995,,5295764,5295763
United States,USA,"Female share of graduates in humanities and arts (%, tertiary)",SE.TER.GRAD.FE.HU.ZS,1997,,5295766,5295765
United States,USA,"Female share of graduates in science (%, tertiary)",SE.TER.GRAD.FE.SC.ZS,1960,,5295783,5295782
United States,USA,"Female share of graduates in science (%, tertiary)",SE.TER.GRAD.FE.SC.ZS,1964,,5295787,5295786
United States,USA,"Female share of graduates in science (%, tertiary)",SE.TER.GRAD.FE.SC.ZS,1966,,5295789,5295788
United States,USA,"Female share of graduates in science (%, tertiary)",SE.TER.GRAD.FE.SC.ZS,1969,,5295792,5295791
United States,USA,"Female share of graduates in science (%, tertiary)",SE.TER.GRAD.FE.SC.ZS,1970,,5295793,5295792
United States,USA,"Female share of graduates in science (%, tertiary)",SE.TER.GRAD.FE.SC.ZS,1973,,5295796,5295795
United States,USA,"Female share of graduates in science (%, tertiary)",SE.TER.GRAD.FE.SC.ZS,1985,,5295808,5295807
United States,USA,"Female share of graduates in science (%, tertiary)",SE.TER.GRAD.FE.SC.ZS,1986,,5295809,5295808
United States,USA,"Female share of graduates in science (%, tertiary)",SE.TER.GRAD.FE.SC.ZS,1987,,5295810,5295809
United States,USA,"Female share of graduates in science (%, tertiary)",SE.TER.GRAD.FE.SC.ZS,1992,,5295815,5295814
United States,USA,"Female share of graduates in science (%, tertiary)",SE.TER.GRAD.FE.SC.ZS,1993,,5295816,5295815
United States,USA,"Female share of graduates in science (%, tertiary)",SE.TER.GRAD.FE.SC.ZS,1995,,5295818,5295817
United States,USA,"Female share of graduates in science (%, tertiary)",SE.TER.GRAD.FE.SC.ZS,1999,43.38051,5295822,5295821
United States,USA,"Female share of graduates in services (%, tertiary)",SE.TER.GRAD.FE.SV.ZS,1970,,5295848,5295847
United States,USA,"Female share of graduates in services (%, tertiary)",SE.TER.GRAD.FE.SV.ZS,1986,,5295864,5295863
United States,USA,"Female share of graduates in services (%, tertiary)",SE.TER.GRAD.FE.SV.ZS,1995,,5295873,5295872
United States,USA,"Female share of graduates in services (%, tertiary)",SE.TER.GRAD.FE.SV.ZS,2009,55.02054,5295888,5295887
United States,USA,"Female share of graduates in social science, business and law (%, tertiary)",SE.TER.GRAD.FE.SS.ZS,1967,,5295900,5295899
United States,USA,"Female share of graduates in social science, business and law (%, tertiary)",SE.TER.GRAD.FE.SS.ZS,1981,,5295914,5295913
United States,USA,"Female share of graduates in social science, business and law (%, tertiary)",SE.TER.GRAD.FE.SS.ZS,1984,,5295917,5295916
United States,USA,"Female share of graduates in social science, business and law (%, tertiary)",SE.TER.GRAD.FE.SS.ZS,1986,,5295919,5295918
United States,USA,"Female share of graduates in social science, business and law (%, tertiary)",SE.TER.GRAD.FE.SS.ZS,2002,55.47774,5295935,5295934
United States,USA,"Female share of graduates in social science, business and law (%, tertiary)",SE.TER.GRAD.FE.SS.ZS,2004,56.9316,5295937,5295936
United States,USA,"Female share of graduates in social science, business and law (%, tertiary)",SE.TER.GRAD.FE.SS.ZS,2006,56.13399,5295939,5295938
United States,USA,"Female share of graduates in unknown or unspecified fields (%, tertiary)",SE.TER.GRAD.FE.OT.ZS,1960,,5295947,5295946
United States,USA,"Female share of graduates in unknown or unspecified fields (%, tertiary)",SE.TER.GRAD.FE.OT.ZS,1971,,5295958,5295957
United States,USA,"Female share of graduates in unknown or unspecified fields (%, tertiary)",SE.TER.GRAD.FE.OT.ZS,1976,,5295963,5295962
United States,USA,"Female share of graduates in unknown or unspecified fields (%, tertiary)",SE.TER.GRAD.FE.OT.ZS,1979,,5295966,5295965
United States,USA,"Female share of graduates in unknown or unspecified fields (%, tertiary)",SE.TER.GRAD.FE.OT.ZS,1981,,5295968,5295967
United States,USA,"Female share of graduates in unknown or unspecified fields (%, tertiary)",SE.TER.GRAD.FE.OT.ZS,1999,58.07524,5295986,5295985
United States,USA,"Female share of graduates in unknown or unspecified fields (%, tertiary)",SE.TER.GRAD.FE.OT.ZS,2005,,5295993,5295992
United States,USA,"Female share of graduates in unknown or unspecified fields (%, tertiary)",SE.TER.GRAD.FE.OT.ZS,2007,,5295995,5295994
United States,USA,"Female share of graduates in unknown or unspecified fields (%, tertiary)",SE.TER.GRAD.FE.OT.ZS,2008,68.76356,5295996,5295995
United States,USA,"Female share of graduates in unknown or unspecified fields (%, tertiary)",SE.TER.GRAD.FE.OT.ZS,2012,,5296000,5295999
United States,USA,"Female share of graduates in social science, business and law (%, tertiary)",SE.TER.GRAD.FE.SS.ZS,1998,,5295931,5295930
United States,USA,"Female share of graduates in social science, business and law (%, tertiary)",SE.TER.GRAD.FE.SS.ZS,1999,55.76112,5295932,5295931
United States,USA,"Female share of graduates in social science, business and law (%, tertiary)",SE.TER.GRAD.FE.SS.ZS,2000,56.36892,5295933,5295932
United States,USA,"Female share of graduates in social science, business and law (%, tertiary)",SE.TER.GRAD.FE.SS.ZS,2001,55.50093,5295934,5295933
United States,USA,"Female share of graduates in social science, business and law (%, tertiary)",SE.TER.GRAD.FE.SS.ZS,2009,55.60047,5295942,5295941
United States,USA,"Female share of graduates in social science, business and law (%, tertiary)",SE.TER.GRAD.FE.SS.ZS,2011,,5295944,5295943
United States,USA,"Female share of graduates in social science, business and law (%, tertiary)",SE.TER.GRAD.FE.SS.ZS,2013,,5295946,5295945
United States,USA,"Female share of graduates in unknown or unspecified fields (%, tertiary)",SE.TER.GRAD.FE.OT.ZS,1975,,5295962,5295961
United States,USA,"Female share of graduates in unknown or unspecified fields (%, tertiary)",SE.TER.GRAD.FE.OT.ZS,1977,,5295964,5295963
United States,USA,"Female share of graduates in unknown or unspecified fields (%, tertiary)",SE.TER.GRAD.FE.OT.ZS,1991,,5295978,5295977
United States,USA,"Female share of graduates in unknown or unspecified fields (%, tertiary)",SE.TER.GRAD.FE.OT.ZS,1992,,5295979,5295978
United States,USA,"Female share of graduates in unknown or unspecified fields (%, tertiary)",SE.TER.GRAD.FE.OT.ZS,2002,54.21133,5295989,5295988
United States,USA,"Female share of graduates in unknown or unspecified fields (%, tertiary)",SE.TER.GRAD.FE.OT.ZS,2009,,5295997,5295996
United States,USA,"Female share of graduates in agriculture (%, tertiary)",SE.TER.GRAD.FE.AG.ZS,2004,47.27247,5295556,5295555
United States,USA,"Female share of graduates in agriculture (%, tertiary)",SE.TER.GRAD.FE.AG.ZS,2012,,5295564,5295563
United States,USA,"Female share of graduates in education (%, tertiary)",SE.TER.GRAD.FE.ED.ZS,1963,,5295569,5295568
United States,USA,"Female share of graduates in education (%, tertiary)",SE.TER.GRAD.FE.ED.ZS,1967,,5295573,5295572
United States,USA,"Female share of graduates in education (%, tertiary)",SE.TER.GRAD.FE.ED.ZS,1970,,5295576,5295575
United States,USA,"Female share of graduates in education (%, tertiary)",SE.TER.GRAD.FE.ED.ZS,1973,,5295579,5295578
United States,USA,"Female share of graduates in education (%, tertiary)",SE.TER.GRAD.FE.ED.ZS,1975,,5295581,5295580
United States,USA,"Female share of graduates in education (%, tertiary)",SE.TER.GRAD.FE.ED.ZS,1976,,5295582,5295581
United States,USA,"Female share of graduates in education (%, tertiary)",SE.TER.GRAD.FE.ED.ZS,1979,,5295585,5295584
United States,USA,"Female share of graduates in education (%, tertiary)",SE.TER.GRAD.FE.ED.ZS,1980,,5295586,5295585
United States,USA,"Female share of graduates in education (%, tertiary)",SE.TER.GRAD.FE.ED.ZS,1981,,5295587,5295586
United States,USA,"Female share of graduates in education (%, tertiary)",SE.TER.GRAD.FE.ED.ZS,1983,,5295589,5295588
United States,USA,"Female share of graduates in education (%, tertiary)",SE.TER.GRAD.FE.ED.ZS,1985,,5295591,5295590
United States,USA,"Female share of graduates in education (%, tertiary)",SE.TER.GRAD.FE.ED.ZS,1988,,5295594,5295593
United States,USA,"Female share of graduates in education (%, tertiary)",SE.TER.GRAD.FE.ED.ZS,1989,,5295595,5295594
United States,USA,"Female share of graduates in education (%, tertiary)",SE.TER.GRAD.FE.ED.ZS,2005,77.50611,5295611,5295610
United States,USA,"Female share of graduates in education (%, tertiary)",SE.TER.GRAD.FE.ED.ZS,2008,77.81451,5295614,5295613
United States,USA,"Female share of graduates in education (%, tertiary)",SE.TER.GRAD.FE.ED.ZS,2009,78.09032,5295615,5295614
United States,USA,"Female share of graduates in education (%, tertiary)",SE.TER.GRAD.FE.ED.ZS,2010,78.23692,5295616,5295615
United States,USA,"Female share of graduates in education (%, tertiary)",SE.TER.GRAD.FE.ED.ZS,2011,,5295617,5295616
United States,USA,"Female share of graduates in education (%, tertiary)",SE.TER.GRAD.FE.ED.ZS,2012,,5295618,5295617
United States,USA,"Female share of graduates in education (%, tertiary)",SE.TER.GRAD.FE.ED.ZS,2013,,5295619,5295618
United States,USA,"Female share of graduates in engineering, manufacturing and construction (%, tertiary)",SE.TER.GRAD.FE.EN.ZS,1966,,5295626,5295625
United States,USA,"Female share of graduates in engineering, manufacturing and construction (%, tertiary)",SE.TER.GRAD.FE.EN.ZS,1972,,5295632,5295631
United States,USA,"Female share of graduates in engineering, manufacturing and construction (%, tertiary)",SE.TER.GRAD.FE.EN.ZS,1974,,5295634,5295633
United States,USA,"Female share of graduates in engineering, manufacturing and construction (%, tertiary)",SE.TER.GRAD.FE.EN.ZS,1977,,5295637,5295636
United States,USA,"Female share of graduates in engineering, manufacturing and construction (%, tertiary)",SE.TER.GRAD.FE.EN.ZS,1981,,5295641,5295640
United States,USA,"Female share of graduates in engineering, manufacturing and construction (%, tertiary)",SE.TER.GRAD.FE.EN.ZS,1983,,5295643,5295642
United States,USA,"Female share of graduates in engineering, manufacturing and construction (%, tertiary)",SE.TER.GRAD.FE.EN.ZS,1984,,5295644,5295643
United States,USA,"Female share of graduates in engineering, manufacturing and construction (%, tertiary)",SE.TER.GRAD.FE.EN.ZS,1985,,5295645,5295644
United States,USA,"Female share of graduates in engineering, manufacturing and construction (%, tertiary)",SE.TER.GRAD.FE.EN.ZS,1989,,5295649,5295648
United States,USA,"Female share of graduates in engineering, manufacturing and construction (%, tertiary)",SE.TER.GRAD.FE.EN.ZS,1991,,5295651,5295650
United States,USA,"Female share of graduates in engineering, manufacturing and construction (%, tertiary)",SE.TER.GRAD.FE.EN.ZS,1997,,5295657,5295656
United States,USA,"Female share of graduates in engineering, manufacturing and construction (%, tertiary)",SE.TER.GRAD.FE.EN.ZS,2003,19.22973,5295663,5295662
United States,USA,"Female share of graduates in engineering, manufacturing and construction (%, tertiary)",SE.TER.GRAD.FE.EN.ZS,2010,18.65398,5295670,5295669
United States,USA,"Female share of graduates in engineering, manufacturing and construction (%, tertiary)",SE.TER.GRAD.FE.EN.ZS,2012,,5295672,5295671
United States,USA,"Female share of graduates in health (%, tertiary)",SE.TER.GRAD.FE.HL.ZS,1965,,5295679,5295678
United States,USA,"Female share of graduates in health (%, tertiary)",SE.TER.GRAD.FE.HL.ZS,1966,,5295680,5295679
United States,USA,"Female share of graduates in health (%, tertiary)",SE.TER.GRAD.FE.HL.ZS,1968,,5295682,5295681
United States,USA,"Female share of graduates in health (%, tertiary)",SE.TER.GRAD.FE.HL.ZS,1970,,5295684,5295683
United States,USA,"Female share of graduates in health (%, tertiary)",SE.TER.GRAD.FE.HL.ZS,1972,,5295686,5295685
United States,USA,"Female share of graduates in health (%, tertiary)",SE.TER.GRAD.FE.HL.ZS,1980,,5295694,5295693
United States,USA,"Female share of graduates in health (%, tertiary)",SE.TER.GRAD.FE.HL.ZS,1988,,5295702,5295701
United States,USA,"Female share of graduates in health (%, tertiary)",SE.TER.GRAD.FE.HL.ZS,1990,,5295704,5295703
United States,USA,"Female share of graduates in health (%, tertiary)",SE.TER.GRAD.FE.HL.ZS,1991,,5295705,5295704
United States,USA,"Female share of graduates in health (%, tertiary)",SE.TER.GRAD.FE.HL.ZS,1996,,5295710,5295709
United States,USA,"Female share of graduates in health (%, tertiary)",SE.TER.GRAD.FE.HL.ZS,1998,,5295712,5295711
United States,USA,"Female share of graduates in health (%, tertiary)",SE.TER.GRAD.FE.HL.ZS,2013,,5295727,5295726
United States,USA,"Female share of graduates in humanities and arts (%, tertiary)",SE.TER.GRAD.FE.HU.ZS,1960,,5295728,5295727
United States,USA,"Female share of graduates in humanities and arts (%, tertiary)",SE.TER.GRAD.FE.HU.ZS,1961,,5295729,5295728
United States,USA,"Female share of graduates in humanities and arts (%, tertiary)",SE.TER.GRAD.FE.HU.ZS,1962,,5295730,5295729
United States,USA,"Female share of graduates in humanities and arts (%, tertiary)",SE.TER.GRAD.FE.HU.ZS,1963,,5295731,5295730
United States,USA,"Female share of graduates in humanities and arts (%, tertiary)",SE.TER.GRAD.FE.HU.ZS,1967,,5295735,5295734
United States,USA,"Female share of graduates in humanities and arts (%, tertiary)",SE.TER.GRAD.FE.HU.ZS,1968,,5295736,5295735
United States,USA,"Female share of graduates in humanities and arts (%, tertiary)",SE.TER.GRAD.FE.HU.ZS,1969,,5295737,5295736
United States,USA,"Female share of graduates in humanities and arts (%, tertiary)",SE.TER.GRAD.FE.HU.ZS,1971,,5295739,5295738
United States,USA,"Female share of graduates in humanities and arts (%, tertiary)",SE.TER.GRAD.FE.HU.ZS,1973,,5295741,5295740
United States,USA,"Female share of graduates in humanities and arts (%, tertiary)",SE.TER.GRAD.FE.HU.ZS,1979,,5295747,5295746
United States,USA,"Female share of graduates in humanities and arts (%, tertiary)",SE.TER.GRAD.FE.HU.ZS,1980,,5295748,5295747
United States,USA,"Female share of graduates in humanities and arts (%, tertiary)",SE.TER.GRAD.FE.HU.ZS,1993,,5295761,5295760
United States,USA,"Female share of graduates in humanities and arts (%, tertiary)",SE.TER.GRAD.FE.HU.ZS,1994,,5295762,5295761
United States,USA,"Female share of graduates in humanities and arts (%, tertiary)",SE.TER.GRAD.FE.HU.ZS,1996,,5295765,5295764
United States,USA,"Female share of graduates in humanities and arts (%, tertiary)",SE.TER.GRAD.FE.HU.ZS,2001,61.45948,5295770,5295769
United States,USA,"Female share of graduates in humanities and arts (%, tertiary)",SE.TER.GRAD.FE.HU.ZS,2002,61.551,5295771,5295770
United States,USA,"Female share of graduates in humanities and arts (%, tertiary)",SE.TER.GRAD.FE.HU.ZS,2010,58.88511,5295779,5295778
United States,USA,"Female share of graduates in humanities and arts (%, tertiary)",SE.TER.GRAD.FE.HU.ZS,2011,,5295780,5295779
United States,USA,"Female share of graduates in humanities and arts (%, tertiary)",SE.TER.GRAD.FE.HU.ZS,2013,,5295782,5295781
United States,USA,"Female share of graduates in science (%, tertiary)",SE.TER.GRAD.FE.SC.ZS,1962,,5295785,5295784
United States,USA,"Female share of graduates in science (%, tertiary)",SE.TER.GRAD.FE.SC.ZS,1976,,5295799,5295798
United States,USA,"Female share of graduates in science (%, tertiary)",SE.TER.GRAD.FE.SC.ZS,1980,,5295803,5295802
United States,USA,"Female share of graduates in science (%, tertiary)",SE.TER.GRAD.FE.SC.ZS,1982,,5295805,5295804
United States,USA,"Female share of graduates in science (%, tertiary)",SE.TER.GRAD.FE.SC.ZS,1983,,5295806,5295805
United States,USA,"Female share of graduates in science (%, tertiary)",SE.TER.GRAD.FE.SC.ZS,2000,44.20009,5295824,5295823
United States,USA,"Female share of graduates in science (%, tertiary)",SE.TER.GRAD.FE.SC.ZS,2005,40.42891,5295829,5295828
United States,USA,"Female share of graduates in science (%, tertiary)",SE.TER.GRAD.FE.SC.ZS,2007,41.00302,5295831,5295830
United States,USA,"Female share of graduates in science (%, tertiary)",SE.TER.GRAD.FE.SC.ZS,2008,41.01545,5295832,5295831
United States,USA,"Female share of graduates in science (%, tertiary)",SE.TER.GRAD.FE.SC.ZS,2009,41.15138,5295833,5295832
United States,USA,"Female share of graduates in services (%, tertiary)",SE.TER.GRAD.FE.SV.ZS,1960,,5295838,5295837
United States,USA,"Female share of graduates in services (%, tertiary)",SE.TER.GRAD.FE.SV.ZS,1969,,5295847,5295846
United States,USA,"Female share of graduates in services (%, tertiary)",SE.TER.GRAD.FE.SV.ZS,1976,,5295854,5295853
United States,USA,"Female share of graduates in services (%, tertiary)",SE.TER.GRAD.FE.SV.ZS,1981,,5295859,5295858
United States,USA,"Female share of graduates in services (%, tertiary)",SE.TER.GRAD.FE.SV.ZS,1994,,5295872,5295871
United States,USA,"Female share of graduates in services (%, tertiary)",SE.TER.GRAD.FE.SV.ZS,1996,,5295874,5295873
United States,USA,"Female share of graduates in services (%, tertiary)",SE.TER.GRAD.FE.SV.ZS,1998,,5295876,5295875
United States,USA,"Female share of graduates in services (%, tertiary)",SE.TER.GRAD.FE.SV.ZS,1999,36.13975,5295877,5295876
United States,USA,"Female share of graduates in services (%, tertiary)",SE.TER.GRAD.FE.SV.ZS,2002,55.23182,5295880,5295879
United States,USA,"Female share of graduates in services (%, tertiary)",SE.TER.GRAD.FE.SV.ZS,2004,55.00238,5295882,5295881
United States,USA,"Female share of graduates in services (%, tertiary)",SE.TER.GRAD.FE.SV.ZS,2005,54.98647,5295883,5295882
United States,USA,"Female share of graduates in services (%, tertiary)",SE.TER.GRAD.FE.SV.ZS,2006,54.72532,5295885,5295884
United States,USA,"Female share of graduates in services (%, tertiary)",SE.TER.GRAD.FE.SV.ZS,2007,54.52178,5295886,5295885
United States,USA,"Female share of graduates in services (%, tertiary)",SE.TER.GRAD.FE.SV.ZS,2008,54.71038,5295887,5295886
United States,USA,"Female share of graduates in services (%, tertiary)",SE.TER.GRAD.FE.SV.ZS,2012,,5295891,5295890
United States,USA,"Female share of graduates in social science, business and law (%, tertiary)",SE.TER.GRAD.FE.SS.ZS,1960,,5295893,5295892
United States,USA,"Female share of graduates in social science, business and law (%, tertiary)",SE.TER.GRAD.FE.SS.ZS,1968,,5295901,5295900
United States,USA,"Female share of graduates in social science, business and law (%, tertiary)",SE.TER.GRAD.FE.SS.ZS,1969,,5295902,5295901
United States,USA,"Female share of graduates in social science, business and law (%, tertiary)",SE.TER.GRAD.FE.SS.ZS,1973,,5295906,5295905
United States,USA,"Female share of graduates in social science, business and law (%, tertiary)",SE.TER.GRAD.FE.SS.ZS,1976,,5295909,5295908
United States,USA,"Female share of graduates in social science, business and law (%, tertiary)",SE.TER.GRAD.FE.SS.ZS,1991,,5295924,5295923
United States,USA,"Female share of graduates in social science, business and law (%, tertiary)",SE.TER.GRAD.FE.SS.ZS,1993,,5295926,5295925
United States,USA,"Female share of graduates in social science, business and law (%, tertiary)",SE.TER.GRAD.FE.SS.ZS,1997,,5295930,5295929
United States,USA,"Female share of graduates in social science, business and law (%, tertiary)",SE.TER.GRAD.FE.SS.ZS,2005,56.27867,5295938,5295937
United States,USA,"Female share of graduates in social science, business and law (%, tertiary)",SE.TER.GRAD.FE.SS.ZS,2012,,5295945,5295944
United States,USA,"Female share of graduates in unknown or unspecified fields (%, tertiary)",SE.TER.GRAD.FE.OT.ZS,1963,,5295950,5295949
United States,USA,"Female share of graduates in unknown or unspecified fields (%, tertiary)",SE.TER.GRAD.FE.OT.ZS,1968,,5295955,5295954
United States,USA,"Female share of graduates in unknown or unspecified fields (%, tertiary)",SE.TER.GRAD.FE.OT.ZS,1974,,5295961,5295960
United States,USA,"Female share of graduates in unknown or unspecified fields (%, tertiary)",SE.TER.GRAD.FE.OT.ZS,1982,,5295969,5295968
United States,USA,"Female share of graduates in unknown or unspecified fields (%, tertiary)",SE.TER.GRAD.FE.OT.ZS,1987,,5295974,5295973
United States,USA,"Female share of graduates in unknown or unspecified fields (%, tertiary)",SE.TER.GRAD.FE.OT.ZS,1988,,5295975,5295974
United States,USA,"Female share of graduates in unknown or unspecified fields (%, tertiary)",SE.TER.GRAD.FE.OT.ZS,1989,,5295976,5295975
United States,USA,"Female share of graduates in unknown or unspecified fields (%, tertiary)",SE.TER.GRAD.FE.OT.ZS,1990,,5295977,5295976
United States,USA,"Female share of graduates in unknown or unspecified fields (%, tertiary)",SE.TER.GRAD.FE.OT.ZS,1996,,5295983,5295982
United States,USA,"Female share of graduates in unknown or unspecified fields (%, tertiary)",SE.TER.GRAD.FE.OT.ZS,1998,,5295985,5295984
United States,USA,"Female share of graduates in unknown or unspecified fields (%, tertiary)",SE.TER.GRAD.FE.OT.ZS,2001,56.11448,5295988,5295987
United States,USA,"Female share of graduates in unknown or unspecified fields (%, tertiary)",SE.TER.GRAD.FE.OT.ZS,2003,68.40994,5295990,5295989
United States,USA,"Female share of graduates in unknown or unspecified fields (%, tertiary)",SE.TER.GRAD.FE.OT.ZS,2004,,5295992,5295991
United States,USA,"Female share of graduates in unknown or unspecified fields (%, tertiary)",SE.TER.GRAD.FE.OT.ZS,2006,,5295994,5295993
United States,USA,"Female share of graduates in unknown or unspecified fields (%, tertiary)",SE.TER.GRAD.FE.OT.ZS,2013,,5296001,5296000
